CSD,1_Cumulative_WFS_PM25,2_WFS_Fraction,3_Average_WFS_PM25,4_Any_WFS,5_WFS_PM25_exceeds_5,6_Total_PM25_exceeds_25,7_WFS_Episodes,8_Severe_Episodes,9_Longest_Episode,10_Worst_Episode,11_WFS_from_Severe_Episodes,12_Average_Recovery,Cumulative_Total_PM25,Average_Total_PM25,Cumulative_NonWFS_PM25,Average_NonWFS_PM25,Counterfactual_Value
5901006,6.39,15.51,14.07,65,45,16,8,5,21,25.42,73.5,72.56,34.8,8.06,41.18,6.81,6.81
5901012,6.83,16.43,15.04,65,49,17,9,5,21,26.59,73.3,64.9,34.75,8.14,41.58,6.8,6.8
5901017,6.88,16.53,14.67,67,50,17,9,5,21,26.84,72.9,64.8,34.73,8.14,41.6,6.8,6.8
5901019,7.17,16.88,16.8,61,50,17,9,5,21,42.21,70.5,65.7,35.31,8.31,42.48,6.91,6.9
5901022,7.52,17.48,17.97,60,51,18,9,5,10,53.53,65.6,66.7,35.49,8.43,43.01,6.95,6.88
5901028,7.55,18.38,17.17,63,53,19,9,6,18,39.07,81.7,65.5,33.52,8.05,41.06,6.57,6.58
5901035,7.37,17.22,18.47,57,52,17,9,5,10,51.45,65.2,66.8,35.42,8.37,42.79,6.93,6.88
5901037,7.2,17.09,18.04,57,51,17,8,6,18,49.03,83.4,73.44,34.92,8.25,42.12,6.84,6.79
5901039,7.47,15.89,17.51,61,55,21,10,6,12,31.93,81.6,60,39.56,9.2,47.03,7.74,7.6
5901040,7.13,15.28,17.27,59,57,18,9,5,18,28,79.3,66.1,39.56,9.14,46.69,7.74,7.51
5901043,6.91,16.62,16.45,60,52,17,10,5,11,26.26,68.8,59.91,34.65,8.3,41.55,6.95,6.75
5901046,7.13,15.59,16.17,63,54,19,10,6,12,29.18,82,59.91,38.59,8.95,45.72,7.55,7.45
5901048,6.81,14.72,16.76,58,54,18,10,5,12,25.78,77.8,60.45,39.45,9.05,46.25,7.72,7.58
5901801,7.2,16.89,15.57,66,51,14,9,4,21,72.72,60.8,65.8,35.4,8.34,42.6,6.93,6.85
5901803,7.4,17.24,17.98,59,51,17,10,5,10,53.6,65.5,60.55,35.53,8.41,42.92,6.96,6.89
5901804,7.15,15.41,16.21,63,52,19,10,5,12,29.41,77.1,59.82,39.23,9.08,46.38,7.68,7.55
5901806,7.37,15.73,16.99,62,56,20,9,5,21,27.56,80.6,64.9,39.5,9.17,46.87,7.73,7.55
5903004,7.85,19.14,16.99,66,53,16,8,5,21,32.16,73.6,72.56,33.15,8.02,41,6.49,6.57
5903010,7.98,19,19,60,53,17,8,6,18,40.39,87.6,72.89,34.02,8.22,42,6.66,6.72
5903011,11.71,24.4,30.42,55,53,19,8,6,16,68.78,92.2,73.11,36.28,9.39,47.99,7.1,6.99
5903013,7.68,18.76,17.7,62,52,15,8,6,21,36.82,84.7,73,33.26,8.01,40.94,6.51,6.57
5903015,11.43,24.38,31.41,52,51,20,8,6,11,75.35,92.2,74.67,35.47,9.2,46.9,6.96,6.95
5903017,8.18,19.52,17.7,66,52,18,8,5,21,36.17,75.8,72.33,33.71,8.2,41.89,6.6,6.65
5903019,7.9,18.16,21.29,53,46,16,8,5,12,40.76,80.7,74.11,35.59,8.51,43.49,6.97,6.97
5903023,6.99,18.62,15.68,64,47,18,8,5,19,28.62,73.2,72.37,30.57,8.06,37.56,6.67,6.39
5903027,8.21,18.81,20.95,56,50,19,8,5,12,38.42,78.9,74,35.44,8.55,43.65,6.94,6.91
5903032,8.08,18.52,20.99,55,50,20,8,5,12,34.76,78.2,74,35.55,8.54,43.63,6.96,6.91
5903039,6.99,16.72,16.92,59,49,18,9,5,12,29.84,74.9,66.1,34.81,8.18,41.79,6.81,6.86
5903041,10.15,22.63,23.77,61,56,20,8,6,16,48.8,90.5,72.89,34.72,8.8,44.87,6.81,6.81
5903043,11.25,24.18,28.71,56,50,19,8,6,16,57.54,91.7,73.22,35.29,9.13,46.54,6.92,6.88
5903045,11.59,24.46,33.63,50,50,21,8,6,11,79.63,91.9,74.89,35.79,9.32,47.38,7.02,6.91
5903047,10.68,23.05,27.23,56,53,20,8,6,16,54.13,91.7,73.22,35.64,9.06,46.32,6.98,6.93
5903050,7.63,17.51,20.96,52,49,18,9,5,16,39.37,77.8,66,35.95,8.53,43.57,7.04,7.01
5903052,10.58,22.85,30.86,49,47,19,8,6,11,68.63,92.1,74.89,35.75,9.07,46.33,7,6.95
5903056,11.56,24.54,34.91,48,48,20,8,6,11,81.23,92.7,75,35.54,9.28,47.09,6.99,6.85
5903058,11.58,24.4,32.44,51,50,20,8,6,11,79.75,91.5,74.89,35.87,9.29,47.45,7.02,6.93
5903060,7.9,17.97,20.15,56,49,18,9,5,12,34.46,77.7,66.4,36.04,8.6,43.94,7.06,6.99
5903807,7.7,18.85,16.93,65,52,16,8,6,21,33.1,84.6,72.56,33.16,8,40.87,6.49,6.56
5905005,11.67,24.25,32.53,52,50,20,8,6,16,69.22,92.5,73.56,36.45,9.46,48.12,7.15,7.01
5905009,11.63,24.13,32.44,52,49,20,8,6,16,67.98,92.7,73.56,36.58,9.48,48.21,7.17,7.06
5905014,11.55,23.95,32.2,52,50,21,8,6,16,68.82,92.5,73.44,36.66,9.48,48.21,7.19,7.07
5905018,11.42,23.76,31.82,52,50,21,8,6,16,68.81,92.1,73.44,36.63,9.45,48.05,7.18,7.07
5905023,11.55,23.91,31.03,54,51,21,8,6,16,66.96,91.6,73.44,36.75,9.5,48.29,7.2,7.06
5905026,11.62,24.14,32.39,52,50,20,8,6,16,69.03,92.6,73.56,36.51,9.47,48.13,7.16,7.04
5905030,11.41,23.74,29.12,56,53,20,8,6,16,66.72,91.6,73.33,36.67,9.42,48.08,7.19,7.11
5905032,9.42,20.28,22.19,61,60,19,11,7,17,61.83,87.8,54.17,37.03,9.11,46.45,7.26,7.13
5905037,9.24,20.58,22.13,60,57,20,11,7,17,41.96,88.2,54.67,35.67,8.81,44.91,6.99,6.89
5905042,9.32,20.74,22.31,60,57,20,11,7,17,56.79,87.8,54.75,35.63,8.82,44.95,6.98,6.9
5905050,9.64,20.37,23.48,59,59,22,10,7,17,69.63,87.9,60.09,37.69,9.28,47.33,7.39,7.21
5905052,9.19,20.15,23.03,57,55,20,12,7,17,53.39,87.3,50.92,36.41,8.92,45.6,7.12,7.03
5905054,8.93,20.09,20.26,63,55,20,10,6,19,35.44,86.9,59.27,35.53,8.7,44.47,6.95,6.92
5907005,9.55,20.74,21.66,63,60,21,10,6,11,37.37,86.5,59.45,36.52,9.02,46.07,7.15,7.1
5907009,9.18,21.34,19.86,66,52,21,9,5,12,36.77,83.1,65.4,33.83,8.42,43.01,6.62,6.59
5907014,9.36,20.38,20.9,64,59,21,10,6,11,36.86,87.1,59.36,36.58,8.99,45.95,7.16,7.09
5907022,9.48,20.61,21.49,63,58,21,10,6,11,37.07,86.7,59.27,36.52,9,46,7.15,7.12
5907024,7.24,17.76,15.9,65,48,17,9,5,19,26.33,77.2,65.1,33.51,7.97,40.74,6.56,6.49
5907026,9.21,21.26,19.65,67,49,21,10,5,12,37.12,82.4,59.18,34.12,8.48,43.33,6.68,6.66
5907028,9.23,20.26,20.93,63,54,21,10,6,11,36.7,87.8,59.36,36.33,8.92,45.56,7.11,7.05
5907035,7.94,18.77,19.9,57,51,18,8,6,11,34.9,90.5,73.67,34.37,8.28,42.31,6.73,6.71
5907041,8.32,19.53,20.14,59,49,16,9,6,11,35.06,90.2,65.6,34.27,8.33,42.59,6.71,6.71
5907047,8.56,19.93,20.74,59,52,19,8,6,11,34.41,89.3,73.22,34.4,8.41,42.97,6.73,6.72
5907049,8.24,19.35,21.01,56,51,16,9,6,11,36.2,90.8,65.7,34.33,8.33,42.56,6.72,6.71
5907051,8.09,19.03,20.29,57,51,18,8,6,11,34.81,89.9,73.67,34.44,8.32,42.53,6.74,6.71
5907053,8.79,20.42,19.63,64,52,22,8,5,12,35.94,82.8,73.67,34.26,8.43,43.05,6.7,6.69
5907055,7.42,18.02,16.06,66,49,17,9,5,12,31.8,78.5,65.7,33.76,8.06,41.18,6.61,6.55
5907801,9.42,21.79,20.08,67,51,23,10,5,12,38.29,82.3,59.18,33.8,8.46,43.22,6.62,6.61
5907802,9.38,20.42,20.62,65,60,21,10,6,11,36.56,86.9,59.36,36.57,9,45.95,7.16,7.11
5907803,8.24,19.32,20.29,58,48,18,8,6,11,35.4,90.1,73.22,34.4,8.34,42.63,6.73,6.7
5907805,9.45,21.88,20.15,67,55,22,10,5,12,36.27,81.7,59,33.75,8.46,43.21,6.61,6.59
5907806,9.09,21.17,20.29,64,50,21,9,5,12,36.98,83,65.8,33.85,8.4,42.94,6.62,6.61
5907807,8.67,20.05,19.98,62,53,21,8,6,12,40.42,86.5,73.89,34.59,8.47,43.26,6.77,6.68
5907808,9.53,22.02,19.73,69,55,21,9,5,12,37.42,81.6,65.7,33.75,8.47,43.27,6.6,6.59
5907809,9.2,21.27,19.04,69,55,21,9,6,12,37.33,85.7,65.8,34.05,8.46,43.24,6.66,6.63
5909009,5.95,15.48,18.53,46,31,13,9,6,13,37.84,91,66.8,32.52,7.54,38.47,6.38,6.34
5909014,5.91,14.9,16.54,51,41,12,7,5,12,28.96,83.1,84.25,33.73,7.76,39.64,6.6,6.5
5909016,5.83,14.93,18.09,46,35,13,9,6,13,35.06,90.2,67,33.19,7.64,39.02,6.5,6.5
5909020,4.78,12.47,13.65,50,28,10,10,5,8,25.78,78.9,61.64,33.53,7.5,38.31,6.56,6.62
5909027,4.98,12.55,16.92,42,30,10,9,6,8,31.9,87.9,68,34.68,7.77,39.65,6.79,6.77
5909032,4.86,12.49,14.77,47,29,11,8,6,7,34.76,87,76.33,34.03,7.62,38.88,6.67,6.65
5909034,4.84,12.52,14.11,49,30,11,9,6,8,35.13,86.2,68.4,33.83,7.57,38.67,6.62,6.63
5909035,4.59,12.04,14.25,46,25,10,9,4,8,25.59,69.5,68.3,33.53,7.47,38.12,6.58,6.62
5909036,4.77,12.43,13.92,49,28,10,10,4,8,27.48,67.3,61.73,33.62,7.52,38.39,6.59,6.61
5909048,4.58,11.79,14.53,45,25,11,9,4,13,27.54,67.8,67.1,34.24,7.6,38.81,6.7,6.67
5909052,3.14,8.15,12.11,37,25,6,9,3,8,25.52,54.8,68.7,35.34,7.53,38.48,6.92,6.84
5909056,3.31,8.5,12.77,37,29,8,9,3,8,23.84,52.6,68.8,35.6,7.61,38.9,6.97,6.86
5909060,4.08,10.42,12.68,46,27,12,10,3,8,27.03,48.8,61.36,35.1,7.67,39.18,6.87,6.83
5909062,4.08,10.57,13.89,42,30,10,9,3,13,24.12,52.2,67.8,34.56,7.56,38.64,6.76,6.71
5909804,5.37,13.41,16.33,47,35,11,10,6,14,28.5,88.5,61,34.7,7.86,40.07,6.8,6.82
5909806,6,15.08,17.14,50,41,11,7,5,12,30.03,84.4,84.25,33.78,7.79,39.78,6.61,6.52
5909807,5.27,13.22,16.38,46,30,10,10,6,8,30.64,86.9,61.64,34.61,7.82,39.89,6.79,6.81
5909808,5.92,15.38,19.7,43,32,13,8,6,13,38.36,91.1,75.44,32.57,7.55,38.49,6.39,6.33
5909810,5.14,12.9,16.3,45,31,11,10,6,13,30.17,86.5,61.09,34.67,7.8,39.8,6.8,6.82
5909812,5.92,15.38,19.7,43,32,13,8,6,13,38.36,91.1,75.44,32.57,7.55,38.49,6.39,6.33
5909815,5.9,14.88,15.91,53,43,13,7,5,12,28.04,83.2,83.75,33.77,7.76,39.68,6.61,6.53
5909816,5.85,15.22,17.87,47,35,13,9,6,16,37.07,92.1,66.5,32.59,7.54,38.45,6.39,6.36
5909817,5.9,14.9,16.53,51,42,10,8,5,12,31.98,83.9,74.33,33.71,7.75,39.61,6.6,6.49
5909818,5.84,15.19,19.48,43,37,13,8,6,13,37.78,92.5,74.89,32.6,7.54,38.44,6.39,6.38
5909819,5.94,14.96,15.71,54,42,13,7,5,12,25.86,83.4,83.88,33.74,7.76,39.67,6.6,6.53
5909821,4.76,12.45,14.18,48,29,11,10,4,8,25.16,64.3,61.73,33.5,7.5,38.27,6.57,6.62
5909824,4.83,12.62,13.84,50,28,10,11,5,8,29.41,79,56.33,33.46,7.51,38.29,6.56,6.58
5909825,4.83,12.62,13.84,50,28,10,11,5,8,29.41,79,56.33,33.46,7.51,38.29,6.56,6.58
5909826,4.75,12.42,14.13,48,28,10,11,5,8,26.53,78.8,56.42,33.46,7.49,38.21,6.56,6.55
5909827,4.72,12.36,14.05,48,27,10,9,4,8,26.75,69.4,68.1,33.49,7.49,38.21,6.57,6.6
5909830,4.75,12.42,13.84,49,28,10,9,4,8,26.43,68.7,68.1,33.47,7.49,38.21,6.56,6.61
5909831,4.76,12.45,14.18,48,29,11,10,4,8,25.16,64.3,61.73,33.5,7.5,38.27,6.57,6.62
5909832,5.09,12.81,16.91,43,32,13,8,6,8,32.96,87.5,76.11,34.64,7.78,39.73,6.79,6.79
5909833,4.58,11.83,15.26,43,28,11,8,5,8,27.53,80.3,76,34.14,7.59,38.72,6.69,6.68
5909834,4.85,12.58,14.15,49,30,11,9,5,7,35.69,71.1,68.5,33.73,7.56,38.58,6.61,6.61
5909835,4.63,12.13,14.68,45,27,10,10,5,8,25.7,79.6,61.91,33.51,7.48,38.13,6.57,6.6
5909837,4.83,12.52,14.7,47,32,11,8,5,8,36.9,71.2,76.44,33.73,7.55,38.55,6.61,6.62
5909838,4.81,12.48,14.98,46,31,11,8,6,8,37.19,86.5,76.44,33.74,7.55,38.55,6.61,6.62
5909839,4.87,12.32,16.56,42,29,10,8,6,8,32.37,88.1,76.11,34.63,7.74,39.5,6.79,6.77
5909841,6,15.57,18.7,46,33,13,8,6,18,38.57,92.4,73.89,32.51,7.55,38.51,6.37,6.34
5909842,4.14,10.81,15.18,39,27,11,6,3,11,36.34,51.3,97.86,34.19,7.5,38.33,6.69,6.7
5909843,5.13,12.9,16.28,45,31,11,10,6,8,33.63,86.6,61.64,34.64,7.79,39.77,6.79,6.78
5909844,4.8,12.46,14.3,48,30,11,9,6,7,34.73,86.6,68.5,33.77,7.56,38.57,6.61,6.62
5909845,3.78,10.23,18.67,29,24,9,7,4,9,55.58,67.7,86.25,33.15,7.24,36.92,6.5,6.46
5909875,3.74,10.14,20.53,26,22,10,7,4,9,55.45,69.6,86.38,33.13,7.23,36.86,6.5,6.48
5909876,5.8,15.1,19.82,42,33,13,8,6,13,38.2,91.2,75.56,32.62,7.54,38.43,6.39,6.39
5909877,4.09,10.86,13.27,44,28,11,10,3,8,23.6,53.8,61.27,33.55,7.38,37.63,6.58,6.52
5909878,3.24,8.39,11.87,39,26,9,10,3,8,24.75,54.3,62.18,35.38,7.56,38.62,6.92,6.85
5909879,4.53,11.87,14.7,44,29,10,10,5,13,28.08,79.9,61.18,33.61,7.48,38.14,6.59,6.61
5909880,4.71,12.33,14.62,46,30,10,11,5,13,26.87,79.1,55.92,33.47,7.49,38.18,6.56,6.52
5909881,4.53,11.91,14.39,45,28,10,11,5,8,25.01,78.1,56.42,33.52,7.46,38.05,6.57,6.59
5909882,4.54,11.89,14.41,45,28,10,9,5,13,28.3,80.4,67.3,33.64,7.49,38.18,6.6,6.64
5909883,3.82,10.37,18.9,29,23,10,7,4,9,48.02,67.8,86.25,33.05,7.23,36.87,6.48,6.42
5909884,4.76,12.45,14.18,48,29,11,10,4,8,25.16,64.3,61.73,33.5,7.5,38.27,6.57,6.62
5909885,4.68,12.27,14.24,47,28,10,10,5,8,25.72,79.3,61.73,33.48,7.48,38.16,6.57,6.59
5915001,2.77,7.3,11.98,33,25,6,8,2,8,24.09,41.4,76.67,35.16,7.42,37.92,6.88,6.84
5915002,2.68,7.1,12.43,31,24,6,8,2,8,23.29,42.5,77.11,35.09,7.41,37.77,6.88,6.82
5915004,2.52,6.68,11.99,30,19,5,9,2,8,42.27,41.2,69.4,35.16,7.37,37.68,6.88,6.77
5915007,2.39,6.36,13.12,26,18,5,8,2,7,43.95,44.8,78,35.14,7.36,37.53,6.89,6.81
5915011,2.13,5.75,13.21,23,16,4,7,2,7,42.3,46.6,87.38,34.86,7.25,36.99,6.84,6.71
5915015,2.17,5.86,12.93,24,15,5,7,2,7,41.83,46.3,87.75,34.9,7.25,37.07,6.83,6.71
5915020,2.76,7.34,12.72,31,20,7,8,2,7,28.95,40.6,77,34.87,7.36,37.63,6.82,6.79
5915022,2.48,6.61,12.63,28,17,6,7,2,8,22.16,43.3,86.88,34.98,7.33,37.46,6.85,6.79
5915025,2.47,6.59,11.77,30,16,5,8,2,8,21.74,42.4,76.44,35.02,7.34,37.49,6.85,6.78
5915029,2.26,6.04,11.94,27,17,5,8,2,8,38.5,41.6,77.11,35.09,7.31,37.35,6.87,6.77
5915034,2.72,7.21,11.76,33,19,7,9,2,13,28.43,39.1,68.5,34.97,7.37,37.69,6.84,6.76
5915036,2.98,7.93,11.5,37,21,8,9,2,13,27.72,37.5,67.7,34.6,7.37,37.57,6.78,6.71
5915038,2.92,7.75,11.64,36,21,8,9,2,13,28.58,38.8,67.1,34.76,7.39,37.69,6.82,6.74
5915039,2.93,7.79,10.8,39,22,9,10,2,13,22.66,39.1,61.18,34.76,7.39,37.69,6.81,6.77
5915043,2.85,7.57,11.97,34,19,8,9,2,13,28.8,39.3,68,34.8,7.38,37.65,6.82,6.73
5915046,2.88,7.68,11.45,36,21,7,8,2,7,27.84,38.5,76.67,34.67,7.35,37.56,6.79,6.71
5915051,2.77,7.41,11.64,34,19,7,8,2,7,27.48,39,76.89,34.62,7.32,37.4,6.78,6.73
5915055,2.77,7.41,11.62,34,19,7,8,2,7,28.63,40.7,77,34.54,7.3,37.31,6.76,6.75
5915062,2.83,7.55,12.63,32,19,7,9,2,8,29.08,40.3,69.1,34.67,7.34,37.5,6.79,6.74
5915065,2.77,7.41,13.21,30,19,7,7,2,7,29.02,39.2,87.25,34.63,7.32,37.4,6.78,6.75
5915070,2.76,7.29,11.61,34,23,6,9,2,13,23.41,40.4,68.3,35.17,7.42,37.93,6.88,6.83
5915075,2.8,7.36,12.11,33,22,7,8,2,8,23.86,41,76.67,35.24,7.44,38.04,6.9,6.84
5915801,2.68,7.1,11.96,32,22,5,8,2,8,25.48,43.6,77.22,35.04,7.4,37.72,6.87,6.82
5915802,1.99,5.45,13.54,21,15,5,7,2,7,40.9,49.6,87.75,34.56,7.17,36.55,6.78,6.6
5915803,2.28,6.1,13.04,25,15,5,8,2,6,41.99,44.2,77.89,35.16,7.33,37.44,6.88,6.79
5915805,2.79,7.36,12.13,33,25,6,8,2,9,24.28,41.3,76.67,35.14,7.43,37.93,6.89,6.81
5915806,2.96,7.84,11.12,38,20,8,8,2,7,27.56,38.7,76.44,34.76,7.38,37.72,6.81,6.76
5915807,2.78,7.44,11.66,34,19,7,8,2,7,27.51,39,76.89,34.54,7.32,37.31,6.77,6.71
5915808,2.71,7.24,11.72,33,20,7,8,2,7,28.05,41,77,34.68,7.32,37.39,6.79,6.75
5915809,2.77,7.3,11.36,35,23,5,9,2,13,23.44,40.3,68.2,35.11,7.42,37.88,6.88,6.84
5915810,2.02,5.52,13.75,21,14,5,7,2,6,39.44,47.9,88.25,34.59,7.18,36.61,6.78,6.6
5915811,2.89,7.68,11.49,36,19,8,8,2,7,27.27,39.1,76.67,34.79,7.38,37.68,6.81,6.75
5915813,2.77,7.3,11.36,35,23,5,9,2,13,23.44,40.3,68.2,35.11,7.42,37.88,6.88,6.84
5915816,2.77,7.28,12.36,32,23,7,8,2,8,23.32,40.9,76.67,35.28,7.45,38.05,6.9,6.84
5915825,2.82,7.4,12.57,32,25,6,8,2,8,24.14,41.3,77.11,35.27,7.45,38.08,6.9,6.82
5915830,2.77,7.3,11.36,35,23,5,9,2,13,23.44,40.3,68.2,35.11,7.42,37.88,6.88,6.84
5917005,2.08,5.5,11.01,27,18,2,7,2,6,36.73,45.7,88.38,35.75,7.4,37.83,7,6.87
5917010,2.12,5.61,11.23,27,17,4,9,2,7,37.7,45.5,69.7,35.72,7.41,37.85,6.99,6.92
5917015,2.07,5.49,11.39,26,18,3,7,2,6,38.29,48.1,88.25,35.73,7.4,37.8,6.99,6.91
5917021,2.04,5.38,11.64,25,16,4,7,2,7,39.3,49.6,87.62,35.83,7.41,37.87,7.01,7
5917027,2.23,5.84,12.75,25,16,4,6,2,6,37.34,46.6,101.14,35.95,7.47,38.18,7.04,6.89
5917029,2,5.38,13.63,21,15,5,6,2,6,38.41,50,101.14,35.21,7.28,37.21,6.89,6.76
5917030,1.96,5.19,11.64,24,18,2,7,2,7,36.68,48.7,87.75,35.73,7.39,37.68,7.01,6.99
5917034,1.95,5.17,12.12,23,18,3,6,2,6,37.39,51,101.29,35.83,7.41,37.78,7.03,7.01
5917040,2.12,5.64,11.66,26,18,4,6,2,6,38.59,49.4,101.29,35.53,7.38,37.65,6.97,6.91
5917041,2.17,5.78,12.4,25,17,4,6,2,6,37.7,48.2,101.71,35.36,7.36,37.53,6.93,6.83
5917042,2.21,5.9,11.69,27,19,3,6,2,6,34.7,45.4,101.71,35.28,7.35,37.49,6.92,6.81
5917044,2.1,5.62,12.02,25,18,3,6,2,6,34.95,48,101.71,35.34,7.34,37.44,6.93,6.83
5917047,2.15,5.72,12.28,25,18,4,6,2,6,38.03,49.1,101.29,35.42,7.36,37.57,6.94,6.83
5917049,2.1,5.59,11.99,25,20,3,6,2,6,34.5,47.1,101.29,35.45,7.35,37.55,6.94,6.82
5917052,2.1,5.59,12.48,24,18,3,6,2,6,36.13,47.3,102,35.39,7.35,37.49,6.94,6.83
5917054,2.12,5.63,12.11,25,18,3,6,2,6,35.98,46.3,101.43,35.49,7.36,37.61,6.95,6.83
5917056,2.14,5.66,9.87,31,19,2,7,2,8,21.05,41.5,87.62,35.7,7.41,37.84,6.99,6.83
5917801,2.08,5.52,11.02,27,21,2,7,2,6,34.88,43.7,88.38,35.64,7.38,37.73,6.98,6.82
5917802,2.19,5.77,11.58,27,23,3,7,2,6,37.24,44.4,88.38,35.73,7.42,37.92,6.99,6.87
5917803,2.02,5.34,11.09,26,17,4,7,2,7,39.95,49.8,87.62,35.78,7.4,37.8,7,6.94
5917804,2.02,5.36,12.03,24,19,2,6,2,6,35.77,47.6,101.29,35.69,7.38,37.71,6.98,6.84
5917809,2.15,5.74,11.37,27,19,3,6,2,7,31.89,44.6,101.14,35.28,7.34,37.43,6.92,6.83
5917812,2.18,5.81,12.47,25,18,4,6,2,6,38.68,48.7,101.29,35.39,7.37,37.57,6.94,6.82
5917815,2.25,5.94,8.94,36,21,3,9,0,8,18.81,0,69.3,35.69,7.43,37.95,6.98,6.82
5917819,2.1,5.61,12.52,24,19,3,5,2,6,36.5,47.2,119,35.39,7.35,37.49,6.94,6.83
5919008,2.23,5.87,12.75,25,17,4,6,2,6,37.93,47.2,101.14,35.8,7.44,38.03,7.01,6.8
5919012,2.19,5.74,13.02,24,19,4,6,2,6,38.35,48.6,101.14,35.88,7.45,38.07,7.02,6.76
5919013,2.06,5.47,11.78,25,21,3,7,2,6,33.08,46.1,88.38,35.65,7.38,37.71,6.98,6.85
5919015,2.2,5.82,13.12,24,19,4,5,2,6,36.97,46.4,119,35.67,7.42,37.88,6.99,6.74
5919016,2.17,6,11.92,26,17,5,6,2,8,24.3,44.4,100.43,33.98,7.09,36.15,6.67,6.5
5919017,2.31,6.07,12.67,26,20,4,6,2,8,23.84,47.5,100.86,35.7,7.45,38,7,6.74
5919021,2.24,5.89,12.78,25,19,4,6,2,6,37.77,45.3,101.71,35.72,7.44,37.96,7,6.78
5919033,2.02,5.43,12.56,23,16,4,5,2,8,23.23,48.7,117.5,35.19,7.28,37.22,6.89,6.72
5919035,1.95,5.41,12.66,22,17,5,5,2,8,32.41,46.1,118,34.11,7.07,36.06,6.68,6.49
5919043,2.11,5.59,11.15,27,22,2,7,2,6,31.64,43.5,88.38,35.58,7.38,37.69,6.96,6.83
5919046,2.16,5.71,11.85,26,22,4,7,2,6,33.71,44.7,88.38,35.65,7.4,37.8,6.98,6.83
5919049,2.15,5.69,11.81,26,21,3,7,2,6,33.33,44,88.38,35.62,7.39,37.77,6.97,6.84
5919051,2.07,5.45,12.34,24,18,4,6,2,6,35.46,47.3,101.29,35.93,7.44,38.01,7.03,6.91
5919801,2.29,6.04,12.6,26,20,4,7,2,6,38.13,46.1,88.25,35.67,7.43,37.96,6.98,6.72
5919802,2.07,5.48,14.78,20,17,4,4,2,6,37.46,49.6,143.4,35.69,7.41,37.76,7,6.77
5919803,2.21,5.84,12.62,25,17,4,6,2,8,24.39,50.4,100.86,35.64,7.42,37.85,6.99,6.8
5919804,2.28,6,13.02,25,19,4,6,2,8,24.86,49.3,100.86,35.69,7.44,37.97,6.99,6.75
5919809,2.18,5.78,13,24,17,4,6,2,6,37.63,47.2,101.71,35.59,7.41,37.77,6.98,6.79
5919812,2.17,6.01,11.92,26,17,5,6,1,8,24.32,23.5,100.43,33.95,7.08,36.12,6.66,6.49
5919814,1.84,5.11,11.97,22,15,5,6,1,8,28.48,21.6,100.43,34.27,7.07,36.12,6.71,6.58
5919815,2.17,5.76,11.07,28,22,2,6,2,8,22.7,46.1,100.43,35.52,7.38,37.69,6.95,6.81
5919816,2.25,5.92,12.85,25,19,4,5,2,8,22.68,47.3,118.17,35.72,7.44,37.97,7,6.75
5919818,2.06,5.47,11.75,25,21,3,7,2,6,32.49,45.8,88.38,35.56,7.37,37.61,6.97,6.83
5919820,2.06,5.47,11.75,25,21,3,7,2,6,32.49,45.8,88.38,35.56,7.37,37.61,6.97,6.83
5919821,2.28,6,11.22,29,23,2,7,2,6,35.18,42.1,88.38,35.72,7.45,38,7,6.86
5919822,2.06,5.43,12.8,23,19,4,5,2,6,36.2,48.6,118.5,35.92,7.43,37.98,7.03,6.88
5921007,2.16,5.69,13.99,22,17,5,5,2,8,23.35,49.2,118,35.7,7.42,37.86,7,6.76
5921008,1.9,5.17,12.94,21,16,5,5,2,6,30.93,45.2,118.83,34.91,7.22,36.81,6.85,6.67
5921010,2.28,5.99,13.57,24,20,5,6,2,8,23.64,47.7,100.86,35.8,7.46,38.08,7.02,6.8
5921014,2.32,6.08,13.26,25,20,5,7,2,6,26.31,45.3,88.5,35.84,7.48,38.16,7.02,6.77
5921016,2.12,5.68,13.78,22,16,5,6,2,8,23.16,48.5,100.86,35.27,7.33,37.4,6.91,6.66
5921018,1.85,5.02,12.59,21,19,5,6,1,6,28.14,21.3,101.57,35.05,7.24,36.9,6.87,6.65
5921023,1.82,4.92,10.81,24,19,4,8,1,6,27.86,21.5,78.67,35.11,7.24,36.93,6.89,6.65
5921030,1.89,5.12,12.24,22,16,5,7,1,6,29.07,21.6,88.5,34.97,7.23,36.85,6.86,6.66
5921032,1.73,4.68,11.74,21,17,5,6,1,6,25.71,20.8,101.57,35.16,7.23,36.89,6.9,6.65
5921034,1.84,4.99,11.97,22,19,5,7,1,6,28.74,21.8,88.62,35.08,7.24,36.92,6.88,6.65
5921036,1.77,4.73,10.55,24,16,4,6,1,6,24.87,19.6,101.57,35.7,7.35,37.48,7,6.91
5921804,2.2,5.81,13.66,23,16,5,5,2,8,22.3,47.8,118,35.66,7.42,37.86,6.99,6.74
5921805,1.82,4.94,12.41,21,16,5,7,1,6,27.83,21.4,88.12,35.07,7.24,36.89,6.88,6.63
5921806,1.81,4.88,10.77,24,20,3,6,1,6,27.3,21.1,101.86,35.27,7.27,37.08,6.92,6.69
5921807,2.31,6.06,13.73,24,19,5,6,2,8,24.46,46.8,100.86,35.79,7.47,38.1,7.01,6.78
5923008,1.62,4.34,11.56,20,17,3,6,0,6,21.72,0,101.57,35.63,7.3,37.25,6.99,6.91
5923019,2.51,6.54,6.65,54,25,2,11,0,21,14.57,0,55.17,35.87,7.51,38.38,7.02,6.87
5923025,2.54,6.63,6.48,56,26,1,10,0,21,20.56,0,60.64,35.8,7.5,38.33,7,6.88
5923033,2.05,5.39,10.46,28,25,4,7,0,14,24.07,0,87.5,36.01,7.46,38.06,7.06,6.96
5923035,1.83,4.81,11.34,23,20,4,6,0,7,23.56,0,101.29,36.15,7.44,37.97,7.09,7.01
5923037,1.98,5.21,10.9,26,23,4,7,0,7,23.75,0,88.25,36.07,7.46,38.06,7.07,6.96
5923039,1.77,4.68,11.47,22,19,4,6,0,7,23.7,0,101.14,35.99,7.4,37.76,7.06,6.99
5923047,1.79,4.9,9.82,26,17,4,8,0,6,24.45,0,78.44,34.71,7.14,36.49,6.79,6.65
5923049,2.43,6.35,6.42,54,26,1,10,0,10,17.57,0,61.36,35.82,7.49,38.25,7.01,6.87
5923801,2,5.25,10.58,27,24,4,7,0,7,22.61,0,88.25,36.11,7.47,38.11,7.08,6.95
5923802,1.97,5.42,8.54,33,20,4,11,0,6,15.09,0,57.58,34.44,7.14,36.41,6.75,6.59
5923803,2.03,5.52,8.8,33,21,4,12,1,6,26.21,18,53.31,34.8,7.21,36.83,6.81,6.67
5923805,1.86,5.14,9.86,27,18,4,10,0,6,23.66,0,63.82,34.37,7.11,36.24,6.74,6.6
5923806,1.92,5.15,8.05,34,16,3,7,1,6,20.18,29.5,87.5,35.32,7.29,37.24,6.91,6.75
5923807,2.51,6.55,6.78,53,26,1,10,0,21,15.17,0,60.64,35.89,7.51,38.4,7.02,6.89
5923808,1.86,4.99,8.57,31,17,3,6,1,6,25.62,28.9,101.14,35.43,7.3,37.29,6.93,6.79
5923809,1.85,5.11,9.46,28,16,4,11,0,6,25.54,0,58.33,34.45,7.12,36.3,6.76,6.62
5923810,2.69,7,6.42,60,28,1,10,0,21,12.34,0,59.64,35.77,7.53,38.47,7,6.87
5923813,2.58,6.74,6.36,58,27,1,10,0,21,14.65,0,60.09,35.75,7.5,38.34,7,6.87
5923816,1.97,5.17,10.83,26,23,4,7,0,7,23.01,0,88.25,36.12,7.47,38.09,7.08,6.96
5923822,2.03,5.32,10.71,27,21,4,7,0,7,24.46,0,88.25,36.02,7.46,38.04,7.06,6.98
5923823,2.57,6.68,6.92,53,28,2,11,0,21,15.81,0,55.5,35.87,7.52,38.44,7.02,6.89
5923824,1.79,4.81,8.83,29,15,2,6,1,6,21.34,33.3,100.71,35.44,7.29,37.24,6.94,6.79
5924025,2.53,6.95,10.34,35,21,4,7,1,6,37.06,30.7,87.88,33.92,7.13,36.46,6.64,6.5
5924029,2.18,6,9.42,33,15,3,7,1,6,27.58,35.5,87.5,34.09,7.1,36.27,6.67,6.57
5924030,2.08,5.73,10.24,29,15,3,7,1,6,34.68,35,87.75,34.23,7.11,36.31,6.7,6.59
5924034,2.06,5.43,8.66,34,23,3,7,1,15,29.8,20.2,86.12,35.86,7.42,37.92,7.02,6.91
5924039,1.53,4.08,8.76,25,17,1,5,1,6,27.79,25.4,118,35.99,7.34,37.52,7.04,6.95
5924042,2.11,5.54,9.11,33,20,3,7,1,11,32.28,21.5,86.88,35.93,7.44,38.03,7.03,6.93
5924048,1.53,4.18,9.12,24,17,2,7,1,6,27.98,25.6,87.88,35.12,7.17,36.65,6.87,6.79
5924052,2.25,5.88,9.47,34,21,5,7,1,14,22.59,21.1,86.5,36.04,7.49,38.29,7.05,6.94
5924054,1.85,4.91,9.13,29,19,3,8,1,6,30.71,23.2,77.67,35.88,7.38,37.73,7.02,6.93
5924804,1.92,5.1,8.87,31,18,3,8,1,7,29.27,21.3,77.11,35.81,7.39,37.73,7.01,6.88
5924806,2.52,6.51,8,45,19,4,11,1,9,27.13,30.1,56.33,36.23,7.58,38.75,7.09,6.88
5924812,1.92,5.1,8.87,31,18,3,8,1,7,29.27,21.3,77.11,35.81,7.39,37.73,7.01,6.88
5924814,2.85,7.17,8.15,50,21,4,13,1,11,42.58,31.4,47.36,36.9,7.78,39.75,7.22,6.98
5924817,2.1,5.53,9.11,33,23,3,7,1,18,32.42,21.6,86,35.97,7.45,38.07,7.04,6.91
5924820,2.19,5.71,9.76,32,19,5,6,1,14,34.6,22.2,99.43,36.11,7.49,38.3,7.07,6.98
5924833,2.17,5.97,10.68,29,14,4,7,1,6,30.25,39.1,87.75,34.17,7.11,36.33,6.69,6.59
5924835,2.61,7.19,10.34,36,23,5,7,1,6,27.31,29.3,87.5,33.66,7.1,36.27,6.59,6.44
5924836,2.18,6,9.42,33,15,3,7,1,6,27.58,35.5,87.5,34.09,7.1,36.27,6.67,6.57
5924840,2.24,5.86,8.87,36,22,4,7,1,18,32.97,20.7,86,35.88,7.46,38.11,7.02,6.91
5926005,3.19,8.16,10.14,45,45,3,8,1,22,23.74,10.4,75,35.96,7.68,39.16,7.05,6.96
5926010,3.16,8.08,10.04,45,44,4,8,1,22,25.06,11.1,75,36,7.68,39.16,7.06,6.98
5926014,3.14,8.02,9.96,45,44,4,8,1,22,24.51,10.9,75,35.95,7.66,39.09,7.05,6.98
5926021,2.54,6.56,9.55,38,37,4,8,0,20,23.56,0,76.67,36.15,7.57,38.69,7.08,6.97
5926022,3.06,7.85,9.73,45,42,3,8,1,22,25.87,11.8,75,35.96,7.65,39.02,7.05,6.96
5926024,2.55,6.6,9.34,39,35,3,8,1,18,29.2,16,75.56,36.09,7.56,38.64,7.06,7
5926801,3.18,8.11,10.08,45,43,4,8,1,22,23.59,10.4,75,36,7.68,39.17,7.06,6.96
5927008,1.89,5.07,10.37,26,16,4,7,1,6,19.99,22.3,87.62,35.34,7.29,37.23,6.92,6.84
5927010,2.22,5.81,9.61,33,20,4,7,1,15,21.49,20.3,86.25,35.96,7.47,38.18,7.04,6.97
5927012,1.82,4.88,9.98,26,16,3,6,1,6,15.37,23.7,100.29,35.42,7.29,37.23,6.93,6.83
5927016,1.82,4.89,10.01,26,15,3,7,1,6,16.3,25.1,87.5,35.45,7.29,37.27,6.94,6.84
5927018,1.65,4.42,11.2,21,15,3,7,1,6,26.7,22.7,88,35.63,7.29,37.27,6.97,6.84
5927020,1.6,4.36,12.05,19,14,3,5,1,6,26.75,23.4,118.83,35.17,7.2,36.77,6.88,6.63
5927802,1.99,5.38,9.82,29,19,5,7,1,6,15.69,22,87.38,35.08,7.27,37.07,6.88,6.82
5927806,1.72,4.62,9.82,25,15,3,7,0,6,15.73,0,87.62,35.5,7.28,37.22,6.95,6.87
5929005,2.85,7.5,12.35,33,20,9,8,1,12,21.69,25.4,76.67,35.17,7.45,38.03,6.9,6.81
5929011,2.77,7.3,12.75,31,19,7,8,2,12,21.12,47.5,76.67,35.1,7.42,37.87,6.88,6.85
5929018,2.37,6.34,12.12,28,16,6,7,1,8,18.47,24.7,87,35.07,7.33,37.44,6.86,6.82
5929022,2.42,6.47,12.35,28,17,6,7,1,12,22.83,26.5,86.75,34.97,7.33,37.39,6.86,6.81
5929024,2.92,7.66,12.25,34,21,7,8,2,12,22.07,47.3,76.67,35.13,7.46,38.04,6.89,6.81
5929026,2.86,7.51,12.36,33,20,9,8,1,12,21.71,25.5,76.67,35.17,7.45,38.02,6.89,6.81
5929028,2.81,7.38,13.38,30,20,8,8,3,12,22.61,62.1,76.67,35.26,7.45,38.07,6.9,6.86
5929803,2.86,7.55,12.4,33,18,7,8,2,12,21.19,48.9,76.67,35.08,7.44,37.95,6.88,6.84
5931006,3.13,8.27,12.07,37,20,8,8,3,8,36.43,43.7,76.33,34.65,7.39,37.78,6.78,6.77
5931012,3.59,9.66,21.37,24,22,9,7,4,6,47.79,68.4,87.75,33.57,7.29,37.16,6.58,6.54
5931017,3.84,10.2,18.29,30,24,9,8,4,9,46.81,65.8,76.78,33.8,7.37,37.65,6.62,6.63
5931020,3.51,9.64,18.58,27,20,8,7,4,9,52.06,69.4,86.5,32.91,7.14,36.42,6.45,6.48
5931021,3.03,8.09,13.51,32,20,8,7,3,8,25.92,59.1,87.25,34.39,7.32,37.42,6.73,6.68
5931026,7.11,16.74,19.17,53,44,22,8,5,11,36.82,81.7,75,35.38,8.32,42.49,6.92,6.87
5931032,6.27,15.26,18.65,48,42,18,7,3,11,33.75,47.3,85.12,34.81,8.04,41.08,6.81,6.8
5931034,6.45,15.6,19.2,48,43,19,8,5,11,34.08,82.2,74.78,34.9,8.09,41.35,6.83,6.85
5931801,3.14,8.62,15.48,29,19,8,7,4,8,46.39,69.2,87.25,33.32,7.15,36.47,6.53,6.52
5931802,3.28,8.98,14.21,33,21,9,7,4,11,48.67,69,86.12,33.28,7.17,36.56,6.53,6.52
5931806,3.28,8.98,14.21,33,21,9,7,4,11,48.67,69,86.12,33.28,7.17,36.56,6.53,6.52
5931807,3.21,8.4,11.46,40,23,9,8,2,11,25.2,33.8,75.44,34.99,7.47,38.19,6.85,6.77
5931808,3.28,8.98,14.21,33,21,9,7,4,11,48.67,69,86.12,33.28,7.17,36.56,6.53,6.52
5931809,3.21,8.4,11.46,40,23,9,8,2,11,25.2,33.8,75.44,34.99,7.47,38.19,6.85,6.77
5931812,3.9,10.83,19.97,28,25,8,7,4,8,49.35,66,87.38,32.09,7.33,35.99,6.56,6.09
5931813,7.68,18.1,18.91,58,50,24,9,4,13,34.55,75.6,66.8,34.74,8.3,42.42,6.8,6.72
5931814,7.06,16.63,19.02,53,45,22,8,5,11,36.56,81.5,75,35.37,8.3,42.43,6.92,6.87
5931815,7.16,16.84,18.95,54,47,24,8,5,11,33.1,82.3,74.78,35.36,8.32,42.52,6.92,6.82
5931816,7.94,18.61,18.89,60,50,25,9,4,13,35.93,76.3,66.5,34.69,8.34,42.63,6.79,6.67
5931817,7.94,18.64,19.23,59,52,25,9,4,13,37.38,76.5,66.5,34.66,8.34,42.61,6.78,6.68
5931818,7.13,16.78,19.23,53,46,22,8,5,11,36.65,81.5,74.78,35.38,8.32,42.52,6.92,6.85
5931820,7.25,17.01,19.92,52,48,24,7,5,11,33.7,82.6,84.88,35.37,8.34,42.62,6.92,6.83
5931821,7,16.53,18.87,53,44,21,8,5,11,36.24,81.3,75,35.37,8.29,42.37,6.92,6.86
5931823,7.07,16.65,18.69,54,42,22,8,5,11,32.68,82,74.78,35.37,8.3,42.43,6.92,6.85
5931826,6.17,15.8,19.57,45,42,18,8,4,11,44.45,53,75.78,32.86,7.92,39.03,6.71,6.28
5931827,6.92,16.35,18.64,53,45,21,9,5,11,32.49,84,67.5,35.37,8.28,42.29,6.92,6.81
5931828,6.98,16.5,18.48,54,43,22,8,5,13,35.71,81.6,74.67,35.35,8.28,42.33,6.92,6.86
5931829,7.91,18.59,18.83,60,51,22,9,5,13,35.35,81.6,66.5,34.64,8.33,42.54,6.78,6.69
5931831,6.18,15.08,21.01,42,39,18,8,6,10,37.51,87.4,76.22,34.8,8.02,40.98,6.81,6.78
5931832,7.03,16.58,18.96,53,47,21,8,5,11,32.09,83,75,35.39,8.3,42.42,6.93,6.83
5931833,6.17,15.8,19.57,45,42,18,8,4,11,44.45,53,75.78,32.86,7.92,39.03,6.71,6.28
5931842,7.94,18.61,18.89,60,50,25,9,4,13,35.93,76.3,66.5,34.69,8.34,42.63,6.79,6.67
5931843,3.89,10.84,18.64,30,24,8,8,4,8,47.02,65.9,77.44,32.05,7.32,35.94,6.56,6.08
5931844,4.81,12.88,19.1,36,32,9,8,4,10,46.55,58.5,76.22,32.57,7.6,37.39,6.65,6.2
5933006,7.68,18.63,16.87,65,53,16,9,5,12,28.01,80.5,65.6,33.52,8.06,41.19,6.56,6.46
5933008,7.97,19.05,16.99,67,53,19,10,5,12,30.13,80.5,59.64,33.85,8.18,41.82,6.62,6.55
5933012,7.1,17.46,15.85,64,50,13,9,5,12,27.08,79.7,65.7,33.56,7.96,40.66,6.57,6.45
5933015,6.09,15.08,16.12,54,43,14,7,3,12,31.28,48.5,84.75,34.3,7.91,40.4,6.71,6.66
5933019,8.15,19.03,19.74,59,53,22,9,5,13,34.2,80.6,66.3,34.68,8.38,42.83,6.79,6.63
5933024,8.31,19.46,19.77,60,53,24,9,5,13,34.1,80.9,66.6,34.38,8.35,42.68,6.73,6.6
5933028,7.73,18.13,19.03,58,50,24,8,3,13,35.42,61.5,74.33,34.88,8.34,42.61,6.83,6.74
5933032,8.5,19.91,20.23,60,50,25,8,4,18,36.51,80.7,73.78,34.19,8.35,42.68,6.69,6.62
5933035,9.64,21.41,21.51,64,59,24,10,5,13,45.57,80.5,60.36,35.36,8.81,45,6.92,6.84
5933037,7.84,18.45,18.67,60,51,22,9,5,13,30.8,81.9,66.6,34.67,8.32,42.51,6.78,6.69
5933039,9.48,21.06,21.84,62,56,24,9,5,13,43.86,82.3,66.7,35.54,8.81,45.02,6.95,6.89
5933042,10.3,22.27,24.95,59,55,24,10,5,11,48.76,83.6,60.91,35.96,9.05,46.26,7.04,6.92
5933044,10.58,22.32,26.52,57,54,28,10,6,11,49.97,87.5,60.91,36.83,9.28,47.41,7.21,7.07
5933045,10.45,21.98,26.48,57,54,27,10,6,11,49.3,87.3,60.91,37.11,9.34,47.56,7.27,7.15
5933054,10.47,21.96,27.03,56,53,27,10,6,11,50.39,87.7,60.91,37.2,9.36,47.67,7.29,7.15
5933060,10.55,22.4,24.71,61,56,27,10,5,12,53.14,83,60.73,36.54,9.22,47.09,7.15,7.03
5933067,7.73,17.82,18.1,61,54,23,9,5,19,34.47,86.2,66.2,35.65,8.49,43.38,6.98,6.89
5933068,7.35,17.08,18.11,58,52,22,7,4,19,33.57,83.1,83.88,35.7,8.43,43.06,6.99,6.9
5933070,6.01,14.25,15.9,54,47,18,8,2,21,25.28,37.9,74.44,36.17,8.25,42.18,7.08,7.04
5933072,8.74,19.25,21.89,57,54,25,9,5,19,39.84,85.7,66.6,36.64,8.88,45.38,7.17,7.07
5933074,10.41,21.84,25.64,58,54,26,9,5,12,50.02,84.9,67.3,37.24,9.32,47.65,7.29,7.18
5933801,7.74,18.82,16.27,68,52,15,10,5,13,29.04,79,59.27,33.41,8.05,41.15,6.54,6.42
5933802,8.18,19.62,18.54,63,52,18,11,5,13,31.3,82.3,54.92,33.5,8.16,41.68,6.56,6.52
5933805,7.66,18.59,17.1,64,53,17,9,5,12,27.68,80.8,66,33.55,8.06,41.21,6.56,6.47
5933806,8.35,19.95,17.55,68,49,19,10,5,12,29.63,82.3,59.64,33.52,8.19,41.88,6.56,6.43
5933807,7.51,18.33,16.01,67,51,17,10,5,12,28.63,79.8,59.64,33.47,8.02,40.98,6.55,6.46
5933808,6.52,16.1,16.34,57,41,13,8,5,12,27.28,83.9,73.89,33.98,7.93,40.51,6.65,6.58
5933809,6.87,16.86,16.35,60,48,13,8,5,12,29.02,80.8,73.33,33.86,7.97,40.72,6.63,6.53
5933811,7.74,18.77,16.74,66,54,18,10,5,12,28.51,80.2,59.91,33.49,8.07,41.22,6.55,6.43
5933812,8.17,19.19,19.78,59,53,24,8,4,12,33.49,64.7,74.33,34.39,8.33,42.56,6.73,6.6
5933813,6.64,15.8,17.57,54,43,19,7,3,13,31.8,59.9,84.75,35.39,8.23,42.03,6.93,6.88
5933814,9.04,20.95,23.07,56,47,26,8,5,18,42.76,89,74.11,34.12,8.45,43.17,6.68,6.57
5933817,8.34,19.41,19.86,60,49,24,9,5,13,35.6,83.2,66.6,34.64,8.41,42.98,6.78,6.68
5933821,8.95,20.77,22.84,56,47,26,8,4,18,39.97,74.7,74.11,34.15,8.44,43.1,6.68,6.59
5933823,5.88,14.59,16.46,51,40,14,7,3,12,30.79,50.5,84.88,34.4,7.88,40.28,6.73,6.65
5933825,5.88,14.59,16.46,51,40,14,7,3,12,30.79,50.5,84.88,34.4,7.88,40.28,6.73,6.65
5933829,6.12,15.14,15.9,55,43,14,7,3,12,31.56,49.2,84.62,34.31,7.91,40.44,6.72,6.65
5933831,6.45,16.04,15.36,60,47,15,8,5,13,24.27,81.4,74.44,33.75,7.87,40.2,6.61,6.54
5933832,6.28,15.58,15.73,57,46,14,8,4,13,25.16,62.9,74.33,34.01,7.88,40.28,6.65,6.61
5933833,6.48,15.43,18.15,51,43,19,6,3,11,31.42,60.4,97.57,35.51,8.22,41.99,6.95,6.87
5933834,7.69,18.13,18.62,59,52,23,9,5,13,32.23,82.6,66.8,34.71,8.3,42.4,6.79,6.64
5933836,8.25,19.38,19.64,60,53,25,8,5,13,33.89,80.3,74.22,34.31,8.33,42.56,6.71,6.58
5933840,7.01,16.53,18.9,53,43,20,7,5,11,35.27,83.8,84.88,35.42,8.3,42.43,6.93,6.83
5933841,6.74,16.03,17.51,55,45,19,8,3,13,31.45,59.4,75.11,35.31,8.23,42.05,6.91,6.84
5933844,8.16,19.05,19.76,59,53,22,9,5,13,34.33,80.6,66.3,34.69,8.39,42.85,6.79,6.62
5933845,8.16,19.05,19.76,59,53,22,9,5,13,34.33,80.6,66.3,34.69,8.39,42.85,6.79,6.62
5933848,7.01,16.53,18.9,53,43,20,7,5,11,35.27,83.8,84.88,35.42,8.3,42.43,6.93,6.83
5933849,6.2,15.53,15.01,59,46,15,9,5,13,26.66,81.3,66.6,33.72,7.81,39.92,6.6,6.54
5933850,5.99,14.85,16.16,53,41,14,7,3,12,31.18,49.9,84.62,34.36,7.9,40.36,6.72,6.65
5933851,6.41,15.92,15.79,58,44,15,9,5,13,27.82,83.2,67,33.85,7.88,40.26,6.63,6.54
5933852,6.12,15.14,15.9,55,43,14,7,3,12,31.56,49.2,84.62,34.31,7.91,40.44,6.72,6.65
5933853,6.43,15.49,17.68,52,43,18,6,4,11,30.86,64.6,97.57,35.12,8.13,41.55,6.87,6.81
5933854,7.93,18.61,18.58,61,53,21,9,5,13,31.63,81,66.2,34.7,8.34,42.63,6.79,6.68
5933855,6.12,15.14,15.9,55,43,14,7,3,12,31.56,49.2,84.62,34.31,7.91,40.44,6.72,6.65
5933858,6.93,16.38,19.4,51,43,19,7,5,11,33.41,84,85.12,35.36,8.28,42.29,6.92,6.81
5933859,7.57,17.87,18.64,58,48,19,9,5,13,32,82.8,66.6,34.78,8.29,42.35,6.81,6.65
5933861,7.59,17.96,18.08,60,49,18,9,5,13,31.89,82,66.5,34.69,8.27,42.28,6.79,6.62
5933865,5.88,14.59,16.46,51,40,14,7,3,12,30.79,50.5,84.88,34.4,7.88,40.28,6.73,6.65
5933866,5.88,14.59,16.46,51,40,14,7,3,12,30.79,50.5,84.88,34.4,7.88,40.28,6.73,6.65
5933868,6.73,15.97,18.14,53,44,16,7,3,13,35.59,59.9,84.62,35.4,8.24,42.13,6.93,6.82
5933872,8.07,18.84,19.53,59,52,23,8,6,13,32.58,85.7,74.33,34.75,8.38,42.82,6.8,6.72
5933873,6.62,15.74,18.19,52,43,18,7,3,11,33.93,60.1,85.12,35.43,8.23,42.05,6.93,6.86
5933875,7.87,18.46,19.39,58,52,26,8,6,13,32.32,84.8,74.33,34.78,8.35,42.65,6.81,6.74
5933876,7.94,18.62,19.22,59,52,22,9,5,13,32.63,81.3,66.3,34.7,8.34,42.64,6.79,6.65
5933877,10.45,21.91,26.66,56,53,25,9,5,11,48.53,83.9,67.2,37.24,9.33,47.69,7.29,7.15
5933878,6.69,15.9,18.37,52,46,18,7,2,13,32.54,43.4,84.75,35.39,8.23,42.07,6.92,6.83
5933879,6.2,15.53,15.01,59,46,15,9,5,13,26.66,81.3,66.6,33.72,7.81,39.92,6.6,6.54
5933880,10.65,22.67,26.09,59,54,28,10,6,11,50.3,87.5,60.91,36.32,9.23,46.97,7.12,6.98
5933881,7.72,18.22,18.08,61,50,20,8,5,13,29.55,82.6,74.22,34.65,8.29,42.37,6.78,6.61
5933882,5.8,14.54,16.26,51,44,13,7,4,12,31.36,65.4,84.62,34.11,7.81,39.92,6.68,6.62
5933884,10.55,22.12,26.77,57,54,27,10,6,11,49.92,87.4,60.91,37.16,9.37,47.71,7.28,7.15
5933887,8.07,18.36,19.54,59,51,22,9,5,19,39.59,85.6,66.1,35.87,8.6,43.94,7.02,6.92
5933888,10.12,21.37,24.93,58,57,25,9,6,11,49.68,88.3,67,37.24,9.27,47.36,7.29,7.19
5933889,10.34,21.76,25.91,57,54,26,10,6,12,48.67,87.6,60.45,37.16,9.3,47.5,7.27,7.14
5933895,7.72,18.22,18.08,61,50,20,8,5,13,29.55,82.6,74.22,34.65,8.29,42.37,6.78,6.61
5933898,10.67,22.22,26.27,58,55,27,10,6,12,47.85,88.1,60.73,37.34,9.39,48.01,7.31,7.19
5935010,8.23,19.12,23.99,49,47,17,9,6,11,36.37,90.4,67.3,34.82,8.42,43.05,6.81,6.78
5935012,8.19,18.98,23.39,50,48,17,10,6,11,35.79,89.1,61.09,34.94,8.44,43.13,6.84,6.79
5935016,8.63,19.79,24.17,51,49,17,11,6,11,39.98,89.6,55.75,34.98,8.53,43.61,6.84,6.79
5935018,8.47,20.3,20.16,60,47,16,9,6,12,50.27,89,66.7,33.25,8.16,41.71,6.51,6.5
5935020,8.54,19.81,23.47,52,50,17,10,6,11,41.11,89.6,60.91,34.58,8.44,43.12,6.77,6.74
5935029,8.58,19.84,24.02,51,50,18,9,6,11,41.42,90.2,67.1,34.64,8.46,43.22,6.78,6.78
5935801,8.29,19.2,24.18,49,47,16,9,6,11,41.9,90.4,67.6,34.91,8.46,43.21,6.84,6.8
5935802,8.72,20.13,23.96,52,50,18,9,6,11,41.67,90.1,67.1,34.59,8.48,43.31,6.77,6.76
5935803,8.48,19.72,23.3,52,48,17,9,6,11,42.11,89.7,67.1,34.54,8.42,43.02,6.76,6.73
5937005,9.18,20.75,20.14,66,57,18,12,6,12,36.95,85.5,51.08,35.04,8.69,44.21,6.87,6.9
5937010,8.81,19.97,24.04,53,49,18,11,6,11,40.78,88.7,55.83,35.32,8.67,44.13,6.93,6.87
5937014,8.8,19.81,24,53,49,19,11,6,11,40.74,88.5,55.83,35.6,8.72,44.4,6.98,6.92
5937017,8.98,19.8,24.48,53,50,19,10,6,12,42.28,89,61,36.35,8.91,45.33,7.13,7.05
5937021,8.8,19.45,24.96,51,50,19,10,6,11,67.34,88.8,61.18,36.45,8.89,45.26,7.15,7.05
5937022,9.1,20.29,21.68,60,53,18,11,6,11,37.68,86.6,55.58,35.77,8.78,44.88,7,6.98
5937023,8.9,20.08,21.19,60,54,18,11,6,11,37.16,86.3,55.58,35.41,8.67,44.3,6.93,6.92
5937024,8.94,19.69,25.33,51,51,19,10,6,12,66.1,88.8,61.09,36.45,8.92,45.39,7.15,7.05
5937028,8.95,19.7,25.89,50,50,19,10,6,12,67.83,88.8,61.18,36.47,8.92,45.42,7.15,7.05
5937033,8.89,19.63,24.25,53,52,19,10,6,12,41.54,88.2,60.91,36.39,8.9,45.28,7.14,7.05
5937041,9.06,19.9,23.54,55,50,18,10,6,12,42.11,87.2,60.82,36.48,8.91,45.55,7.14,7.03
5937801,8.93,19.84,23.91,54,51,19,11,6,12,41.46,88.7,55.75,36.07,8.84,44.99,7.07,7.04
5937802,8.93,19.71,24.35,53,52,19,10,6,12,42.07,88.2,60.91,36.36,8.9,45.29,7.13,7.03
5937803,8.7,19.88,22.91,55,50,18,11,6,11,39.7,88.1,55.67,35.05,8.6,43.75,6.87,6.83
5937805,8.88,19.59,25.18,51,50,19,10,6,12,69.67,88.6,61.09,36.46,8.91,45.34,7.15,7.05
5939007,6.53,14.39,15.04,62,47,19,10,4,13,25.97,69.7,60.09,38.82,8.87,45.35,7.6,7.39
5939011,6.34,14.21,14.37,63,50,19,9,4,12,23.28,70.1,66.2,38.28,8.73,44.62,7.49,7.38
5939019,6.88,15.9,18.21,54,46,17,9,3,11,31.66,63.2,66.4,36.4,8.49,43.28,7.14,7.12
5939023,6.72,15.54,17.77,54,47,17,9,3,11,29.71,62.5,66.3,36.51,8.46,43.23,7.15,7.13
5939032,9.15,19.91,24.21,54,52,19,10,6,12,63.46,87.5,60.91,36.8,8.99,45.96,7.2,7.13
5939037,9.37,19.56,22.69,59,55,23,8,4,12,46.2,82.2,74.11,38.54,9.38,47.91,7.54,7.42
5939039,9.23,20.16,24.88,53,53,20,10,6,12,67.64,87.8,60.91,36.57,8.96,45.8,7.16,7.07
5939043,7.73,17.18,19.38,57,53,19,10,5,11,39.73,83.2,60.09,37.28,8.81,45.01,7.29,7.16
5939044,8.98,18.99,21.39,60,54,22,9,4,12,43.45,81.2,66.3,38.31,9.25,47.29,7.5,7.38
5939045,7.72,17.13,19.35,57,51,18,9,5,11,41.57,83.7,66.7,37.35,8.82,45.07,7.31,7.19
5939801,9.48,19.68,24.64,55,51,23,8,4,10,46.67,84.3,74.56,38.71,9.43,48.2,7.58,7.42
5939802,9.55,19.83,23.94,57,52,23,8,4,10,51.72,83.4,74.89,38.62,9.43,48.17,7.56,7.41
5939803,9.49,19.72,23.77,57,54,23,8,4,12,47.15,82.5,74.67,38.61,9.41,48.09,7.56,7.43
5939804,9.1,19.97,25.28,52,51,20,10,6,12,42.17,89,61,36.46,8.95,45.56,7.15,7.05
5939805,9.42,19.55,24.92,54,52,23,9,4,10,51.43,84.1,67.1,38.76,9.43,48.18,7.58,7.44
5939806,9.2,20.15,26.06,51,51,20,10,6,12,68.06,88.9,61.09,36.46,8.97,45.66,7.15,7.05
5939807,9.47,19.7,23.33,58,56,24,8,4,12,45.01,82.5,74.11,38.6,9.41,48.08,7.55,7.42
5939808,9.27,20.26,23.64,56,56,19,11,6,12,41.51,87.2,55.58,36.48,8.95,45.75,7.14,7.07
5939811,9.25,20.23,23.6,56,56,19,11,6,12,41.51,87.1,55.58,36.47,8.95,45.72,7.14,7.07
5941005,8.43,20.11,19.12,63,46,24,9,5,19,39.91,88.4,66.2,33.5,8.21,41.94,6.56,6.58
5941009,10.16,23.46,25.92,56,50,19,8,4,17,65.27,81.1,74.11,33.15,8.48,43.31,6.49,6.45
5941010,10.06,23.3,25.66,56,49,18,8,4,17,61.97,81.6,74.33,33.1,8.45,43.16,6.48,6.49
5941012,10.23,23.52,26.1,56,51,20,8,4,17,66.05,80.2,74.11,33.26,8.51,43.49,6.51,6.48
5941013,9.08,20.55,18.01,72,61,19,12,5,19,33.3,84.7,49.46,35.1,8.65,44.18,6.87,6.91
5941014,9.34,21.84,23,58,49,22,8,4,18,60.96,79.5,74.22,33.43,8.37,42.76,6.54,6.57
5941015,8.63,20.45,20.21,61,49,25,8,5,19,41.66,89.5,74,33.56,8.26,42.19,6.57,6.62
5941016,8.26,19.65,19.66,60,52,23,9,5,19,36.87,90.1,66.3,33.77,8.22,42.03,6.61,6.65
5941017,8.38,19.81,20.64,58,50,24,8,4,19,36.9,83.6,74.11,33.92,8.28,42.3,6.64,6.62
5941019,8.98,20.43,17.57,73,60,20,11,5,19,33.89,84.6,53.92,34.96,8.6,43.93,6.84,6.87
5941021,9.26,20.91,18.63,71,59,19,11,5,19,34.15,85.4,53.92,35.03,8.67,44.28,6.85,6.91
5941025,5.04,12.83,12.64,57,40,12,9,3,20,29.38,57.8,66.6,34.25,7.69,39.3,6.7,6.79
5941026,7.93,18.6,15.96,71,53,19,12,4,19,28.18,76.2,50,34.7,8.34,42.64,6.79,6.87
5941027,9.1,20.8,19.11,68,53,20,9,4,19,38.97,78.7,65.4,34.65,8.56,43.75,6.78,6.84
5941039,6.53,16.06,17.93,52,45,14,8,3,12,34.82,72.2,74.78,34.09,7.95,40.62,6.67,6.64
5941041,9.18,21.52,24.29,54,48,18,8,4,11,53.45,79.2,75.11,33.48,8.35,42.67,6.55,6.54
5941801,10.26,23.36,29.92,49,47,19,8,4,17,60.15,82,74.56,33.68,8.6,43.94,6.59,6.46
5941802,8.29,19.67,20.07,59,47,22,8,5,19,42.4,90.4,73.78,33.85,8.25,42.14,6.62,6.63
5941805,10.02,23.35,25.8,56,46,18,8,4,17,64.24,82.7,74.33,32.9,8.43,42.93,6.45,6.41
5941806,9.16,21.62,22.19,59,48,25,8,5,11,51.23,87.2,74.78,33.22,8.29,42.39,6.5,6.48
5941807,9.18,21.2,23.01,57,50,26,8,4,18,44.01,75.1,74.11,34.12,8.47,43.3,6.68,6.58
5941808,6.56,15.66,17.05,55,45,16,8,2,14,38.2,54.3,74.44,35.36,8.2,41.92,6.92,6.89
5941809,9.07,20.57,17.5,74,58,20,12,5,19,32.7,84.4,49.46,35.02,8.63,44.08,6.85,6.89
5941810,10.18,23.56,25.74,57,49,17,8,5,17,56.39,89.3,74.33,33.03,8.49,43.2,6.48,6.45
5941811,9.97,23.03,23.74,60,51,24,8,4,18,66.78,77.8,74,33.32,8.47,43.29,6.52,6.47
5941812,10.27,23.71,24.06,61,48,19,9,4,17,68.15,80.4,66.5,33.07,8.48,43.34,6.47,6.43
5941813,8.6,20.44,20.47,60,50,23,9,5,19,39.46,90.5,66.3,33.47,8.23,42.06,6.55,6.58
5941821,10.04,23.5,26.25,55,52,18,8,4,12,59.5,81.5,74.89,32.69,8.39,42.73,6.41,6.29
5941828,5.33,13.26,15.54,49,38,12,7,2,14,34.04,56.9,85.62,34.86,7.87,40.19,6.82,6.85
5941829,5.92,14.41,16.58,51,39,12,7,2,14,37.75,55.7,84.75,35.16,8.04,41.07,6.88,6.87
5941831,6.6,15.75,16.55,57,47,16,8,2,14,37.95,52.5,74.33,35.33,8.21,41.94,6.91,6.88
5941833,10.07,23.06,22.84,63,52,28,8,4,19,46.67,74.8,73.33,33.62,8.55,43.69,6.58,6.58
5941837,9.24,21.49,22.36,59,50,25,8,4,14,36.62,75.8,74,33.74,8.41,42.97,6.6,6.6
5941839,7.28,17.49,20.39,51,44,15,8,4,12,44.83,80.5,74.89,34.35,8.15,41.63,6.72,6.54
5941840,7.27,18.14,18.89,55,45,19,7,3,12,37.25,69.5,84.62,32.81,7.87,40.08,6.44,6.45
5941841,10.22,23.86,26.25,56,51,19,8,4,10,60.37,81.8,75.11,32.6,8.41,42.82,6.39,6.28
5941849,10.46,23.9,28.4,53,51,18,8,4,17,64.62,83.4,74.44,33.3,8.59,43.75,6.53,6.38
5941850,10.5,24.05,27.99,54,52,18,8,4,17,63.73,83,74.44,33.16,8.57,43.66,6.5,6.37
5941851,6.9,17.38,18.26,54,42,15,7,3,12,34.34,74.1,84.62,32.81,7.8,39.72,6.45,6.44
5941852,9.67,22.15,23.02,60,54,25,8,4,19,35.29,78.6,73.56,33.98,8.54,43.65,6.65,6.67
5941855,8.91,20.95,20.86,61,49,22,8,5,19,59.78,90.3,74,33.61,8.32,42.51,6.58,6.6
5941868,9.83,22.8,22.65,62,54,23,8,4,19,65.96,76.9,73.89,33.28,8.44,43.11,6.51,6.46
5941871,6.87,17.31,17.84,55,44,16,8,3,12,34.22,72.3,74.78,32.8,7.79,39.66,6.44,6.45
5941872,9.72,22.6,22.76,61,53,23,8,3,19,66.24,64.2,73.89,33.29,8.42,43.01,6.51,6.47
5941873,9.72,22.6,22.76,61,53,23,8,3,19,66.24,64.2,73.89,33.29,8.42,43.01,6.51,6.47
5941876,6.63,15.81,16.33,58,44,16,10,2,14,41.21,53.2,60.82,35.29,8.2,41.92,6.91,6.88
5941879,7.49,17.92,20.59,52,43,17,8,4,14,47.19,81,74.56,34.32,8.18,41.81,6.72,6.52
5941880,7.14,17.88,18.54,55,45,19,8,3,12,35.69,69.5,74.78,32.79,7.84,39.93,6.44,6.43
5941882,9.79,22.6,24.1,58,50,19,9,4,17,56.24,80.4,66.8,33.52,8.47,43.3,6.56,6.57
5941883,9.3,22.03,25.23,53,52,18,8,4,12,57.32,81,74.89,32.91,8.29,42.21,6.45,6.31
5941884,5.34,13.27,15.9,48,39,12,7,2,12,34.54,58.1,85.88,34.91,7.88,40.25,6.83,6.86
5941885,9.74,22.66,22.45,62,54,23,8,3,19,66.32,64.2,73.89,33.25,8.41,42.99,6.51,6.45
5943008,1.52,4,8.34,26,16,3,7,1,8,32.47,29.9,87.62,36.42,7.42,37.94,7.13,7.06
5943012,1.44,3.81,8.25,25,15,3,7,1,6,34.19,33.2,88,36.43,7.41,37.87,7.13,7.08
5943017,1.87,5.09,7.85,34,19,2,9,1,6,24.07,36.1,69.5,34.86,7.19,36.73,6.82,6.68
5943023,1.87,5.1,7.87,34,17,2,8,1,6,23.98,35.8,77.44,34.85,7.19,36.73,6.82,6.68
5943027,1.86,4.94,6.82,39,14,3,9,1,7,27.05,30.5,68.7,35.85,7.38,37.71,7.01,6.86
5943031,1.64,4.38,7.8,30,15,2,9,1,6,37.92,32.4,69.9,35.76,7.32,37.4,7,6.92
5943033,1.75,4.73,9.25,27,17,3,7,1,6,38.55,30.9,87.75,35.21,7.23,36.95,6.89,6.81
5943037,1.53,4.04,8.09,27,15,3,7,1,8,33.93,31.1,87.5,36.37,7.42,37.9,7.12,7.05
5943804,1.91,5.19,7.78,35,17,2,9,1,6,22.92,33.7,69.5,34.86,7.2,36.77,6.82,6.68
5943806,1.91,5.2,8.03,34,15,2,8,1,6,25.57,37.5,77.44,34.84,7.19,36.75,6.82,6.68
5943807,1.61,4.23,7.91,29,15,3,7,1,6,34.07,29.7,87.75,36.33,7.42,37.94,7.11,7.03
5943808,1.53,4.03,8.72,25,15,3,5,1,6,36.97,33.9,118.33,36.38,7.42,37.91,7.12,7.03
5943813,2.23,5.97,8.85,36,20,3,8,1,6,19.22,33.6,77,35.14,7.31,37.37,6.88,6.82
5943815,1.91,5.19,7.78,35,17,2,9,1,6,22.92,33.7,69.5,34.86,7.2,36.77,6.82,6.68
5943816,1.95,5.31,7.53,37,19,2,9,1,6,25.37,36.4,69.2,34.79,7.19,36.74,6.81,6.67
5943837,1.52,4,8.34,26,16,3,7,1,8,32.66,30.1,87.62,36.4,7.42,37.92,7.12,7.05
5945006,2.47,6.65,8.6,41,23,5,10,1,12,14.82,29.4,61.91,34.65,7.26,37.12,6.78,6.73
5945010,4.85,12.58,13.6,51,35,12,9,2,12,30.09,54,67.1,33.73,7.55,38.58,6.6,6.58
5945012,4.27,11.09,12.97,47,31,9,10,2,12,28.16,57.6,61.36,34.2,7.53,38.46,6.69,6.65
5945014,4.06,10.61,12.33,47,31,9,10,2,12,26.65,58.2,61.45,34.17,7.48,38.23,6.69,6.66
5945801,1.31,3.57,5.86,32,13,2,8,0,9,10.81,0,76.67,35.5,7.2,36.82,6.95,6.78
5945802,4.06,10.62,12.61,46,32,9,10,1,12,27.14,32.7,61.45,34.2,7.49,38.26,6.69,6.65
5945803,1.84,5.06,7.52,35,21,2,10,1,6,14.47,27.5,62.82,34.57,7.13,36.41,6.77,6.67
5947007,0.61,1.76,4.14,21,5,0,5,0,5,5.53,0,118.33,33.93,6.76,34.54,6.64,6.57
5947012,0.6,1.71,4.11,21,5,0,4,0,7,7.69,0,142.2,34.65,6.9,35.26,6.78,6.72
5947016,0.74,2.09,3.92,27,7,0,6,0,9,6.48,0,100.43,34.75,6.94,35.49,6.8,6.7
5947021,0.83,2.38,4.73,25,6,0,6,0,5,6.34,0,100.57,33.96,6.81,34.79,6.65,6.51
5947023,0.86,2.38,4.41,28,9,0,6,0,11,6.14,0,99,35.52,7.12,36.38,6.95,6.79
5947026,0.66,1.91,3.5,27,5,0,3,0,13,4.64,0,176.25,33.93,6.77,34.59,6.64,6.47
5947027,0.69,2.01,3.52,28,6,0,5,0,15,5.19,0,115.33,33.58,6.71,34.27,6.57,6.42
5947030,0.68,2.03,3.62,27,6,0,5,0,15,5.1,0,116.33,33.08,6.61,33.76,6.47,6.34
5947032,0.7,2.02,3.68,27,5,0,3,0,13,5.19,0,176.5,33.78,6.75,34.48,6.61,6.43
5947803,0.87,2.4,4.45,28,8,0,6,0,11,6.36,0,99,35.51,7.12,36.38,6.95,6.79
5947804,0.68,1.95,3.86,25,6,0,3,0,11,5.68,0,176.75,34.01,6.79,34.68,6.66,6.48
5947806,0.89,2.54,5.5,23,6,1,5,0,5,8.84,0,118.17,34.02,6.83,34.91,6.66,6.5
5947807,0.76,2.09,4.19,26,7,0,7,0,7,7.43,0,86.88,35.64,7.12,36.41,6.98,6.82
5947809,0.85,2.37,4.21,29,7,0,7,0,9,5.68,0,86.25,35.19,7.05,36.04,6.89,6.77
5947810,0.72,2.01,3.81,27,5,0,7,0,8,5.8,0,87.12,35.21,7.03,35.94,6.89,6.78
5949005,1.07,3,6.94,22,11,1,7,0,5,11.17,0,88.5,34.54,6.97,35.61,6.76,6.77
5949011,0.71,2,5.93,17,8,0,3,0,8,9.22,0,178.5,34.57,6.9,35.27,6.76,6.77
5949013,0.77,2.17,6.09,18,9,0,3,0,8,7.28,0,178.5,34.64,6.93,35.41,6.78,6.8
5949018,0.86,2.42,6.12,20,8,1,3,0,9,8.25,0,178.25,34.62,6.94,35.47,6.77,6.8
5949020,1.64,4.52,7.81,30,14,3,8,0,6,14.55,0,77.89,34.66,7.1,36.3,6.78,6.81
5949022,1.7,4.61,8.99,27,18,1,3,0,12,12.14,0,177,35.15,7.21,36.85,6.88,6.88
5949024,1.76,4.85,8.97,28,17,2,4,0,12,12.02,0,141.4,34.5,7.1,36.26,6.75,6.8
5949028,1.51,4.16,8.32,26,16,1,3,0,11,11.22,0,177.25,34.88,7.12,36.39,6.83,6.92
5949032,0.75,2.05,3.85,28,5,0,6,0,10,5.76,0,99.86,35.96,7.19,36.72,7.04,7.05
5949035,0.62,1.74,5.2,17,6,0,4,0,9,6.04,0,141.6,34.89,6.95,35.5,6.83,6.83
5949038,1.68,4.63,8.55,28,16,3,5,0,11,16.39,0,116.33,34.48,7.08,36.16,6.75,6.84
5949039,0.83,2.28,5.37,22,10,0,3,0,11,7.72,0,177,35.39,7.09,36.22,6.93,6.94
5949041,1.4,3.79,8.32,24,16,3,4,0,8,14.3,0,141.2,35.45,7.21,36.84,6.94,7.04
5949802,1.58,4.26,5.37,42,15,1,11,0,13,8.36,0,56.17,35.5,7.26,37.08,6.95,6.82
5949803,0.99,2.79,6.4,22,10,1,7,0,7,10.29,0,88.38,34.42,6.94,35.41,6.75,6.79
5949804,0.71,2.03,6,17,8,0,3,0,8,8.44,0,178.5,34.44,6.89,35.15,6.75,6.77
5949807,0.85,2.39,6.36,19,9,1,3,0,9,10.51,0,178.25,34.56,6.93,35.41,6.76,6.8
5949810,1.57,4.34,8.64,26,16,1,6,0,7,13.31,0,101.14,34.64,7.09,36.21,6.78,6.83
5949811,1.67,4.6,9.2,26,18,1,4,0,12,13.28,0,141.4,34.69,7.12,36.37,6.79,6.84
5949812,1.67,4.53,9.18,26,18,1,3,0,11,12.77,0,177.25,35.17,7.21,36.84,6.88,6.88
5949813,1.67,4.52,9.15,26,17,2,3,1,11,13.03,27.4,177.25,35.16,7.21,36.82,6.88,6.88
5949814,1.53,4.22,7.52,29,15,2,5,0,11,11.17,0,117.33,34.62,7.07,36.15,6.78,6.86
5949815,1.28,3.54,6.75,27,11,1,4,0,11,10.11,0,141.4,34.76,7.05,36.03,6.8,6.83
5949816,1.43,3.96,7.85,26,16,1,3,0,11,11.96,0,178,34.63,7.06,36.06,6.78,6.79
5949817,1.58,4.35,8.68,26,17,1,6,0,7,13.69,0,101.14,34.7,7.1,36.28,6.79,6.84
5949818,1.58,4.29,9.39,24,16,1,3,0,11,12.95,0,177.25,35.21,7.2,36.78,6.89,6.89
5949819,1.58,4.35,8.66,26,16,1,6,0,7,13.56,0,101.14,34.68,7.1,36.26,6.79,6.84
5949820,1.58,4.35,8.68,26,17,1,6,0,7,13.69,0,101.14,34.7,7.1,36.28,6.79,6.84
5949832,1.61,4.41,7.93,29,16,3,5,0,11,15.79,0,116,34.86,7.14,36.47,6.82,6.92
5949843,1.42,3.79,7.82,26,16,3,6,0,9,13.76,0,99.14,36.1,7.34,37.53,7.07,7
5949844,0.96,2.76,5.46,25,10,0,4,0,11,7.81,0,141.4,33.75,6.79,34.7,6.6,6.6
5949845,1.69,4.68,8.31,29,17,3,5,0,11,16.38,0,116.67,34.31,7.05,36,6.72,6.8
5949847,1.47,3.91,8.4,25,21,4,5,0,9,14.54,0,116.17,36.12,7.36,37.59,7.07,7.02
5951007,8.53,19.18,20.04,61,47,15,14,3,20,69.99,74.6,44.07,35.96,8.73,44.5,7.05,7.02
5951009,6.88,16.27,18.55,53,42,14,11,3,14,57.41,71.8,55.92,35.42,8.28,42.3,6.93,6.91
5951013,7.4,16.89,18.56,57,46,14,11,3,20,51.75,73.7,55.67,36.44,8.58,43.85,7.13,7.11
5951015,7.2,16.48,19.78,52,45,13,10,3,20,54.43,76,61,36.49,8.55,43.69,7.14,7.11
5951017,7.51,17.34,19.86,54,45,14,12,3,14,61.58,72,51.31,35.77,8.47,43.27,7,7
5951019,8.44,18.97,20.11,60,49,16,12,3,19,67.21,73.5,51,36.07,8.71,44.52,7.06,7.05
5951022,5.19,12.93,20.58,36,33,12,8,3,12,45.31,73.4,77.11,34.93,7.86,40.12,6.84,6.82
5951028,4.9,12.22,17.95,39,32,11,9,2,7,42.52,55.7,69.3,35.21,7.85,40.11,6.89,6.83
5951031,4.98,12.38,17.79,40,32,12,8,2,12,42.65,66.3,76.67,35.26,7.87,40.24,6.9,6.85
5951032,3.43,8.69,12.56,39,28,9,9,1,7,22.79,32.6,69.3,36.01,7.72,39.44,7.05,6.99
5951034,3.54,9.22,12.96,39,36,7,8,1,14,21.23,42,77.11,34.86,7.52,38.4,6.83,6.85
5951038,2.84,7.56,11.25,36,31,6,8,1,14,15.74,36.8,77.11,34.69,7.34,37.53,6.79,6.83
5951043,1.81,4.91,9.25,28,19,3,6,0,7,13.83,0,101.29,35.11,7.23,36.93,6.87,6.8
5951051,2.02,5.47,10.32,28,23,4,6,0,14,14.94,0,100.43,34.99,7.24,37.01,6.85,6.86
5951053,3.53,9.1,12.95,39,33,8,9,1,14,21.11,41.8,69.1,35.31,7.6,38.84,6.91,6.94
5951801,5.91,13.98,17.6,48,38,14,9,2,14,43.54,68.9,67.9,36.38,8.28,42.29,7.12,7.01
5951802,8.35,18.89,20.27,59,46,13,15,3,10,67.69,63.1,41.31,35.84,8.67,44.19,7.03,7.01
5951803,7.51,17.08,18.82,57,46,14,11,3,20,55.53,74.4,55.67,36.46,8.6,43.96,7.13,7.11
5951805,7.09,16.28,19.46,52,45,14,9,3,20,50.66,76.5,67.6,36.44,8.52,43.53,7.13,7.11
5951806,7.52,17.48,19.18,56,43,14,11,3,14,64.22,71.9,55.92,35.49,8.42,43.01,6.94,6.92
5951807,6.7,15.94,17.74,54,43,14,11,3,14,55.5,71.3,55.75,35.35,8.23,42.06,6.92,6.91
5951809,8.36,18.85,19.95,60,45,14,13,3,19,67.87,74,46.79,35.98,8.69,44.33,7.05,7.04
5951810,5.85,13.8,19.45,43,38,15,9,2,14,42.97,69,68.3,36.57,8.3,42.42,7.16,6.99
5951813,8.48,19.08,20.6,59,46,14,15,3,10,67.09,61.9,41.12,35.97,8.72,44.46,7.05,7.04
5951814,5.7,13.92,14.28,57,41,12,13,2,19,34.15,70.8,47.5,35.24,8.01,40.93,6.9,6.83
5951815,5.19,12.93,20.59,36,33,12,8,3,12,45.32,73.4,77.11,34.93,7.86,40.12,6.84,6.82
5951818,4.97,12.43,21.53,33,31,11,9,3,7,44.52,64.7,69.9,35.04,7.84,40.01,6.87,6.88
5951819,4.99,12.46,20.95,34,31,11,9,3,7,44.96,65.5,69.5,35.03,7.84,40.02,6.86,6.88
5951820,4.93,12.32,16.79,42,32,12,9,2,7,42.66,54.9,69.4,35.13,7.85,40.06,6.88,6.89
5951821,4.61,11.56,16.89,39,34,11,8,1,14,31.09,47.2,76.56,35.27,7.81,39.88,6.91,6.94
5951822,5.27,13.05,17.5,43,35,11,10,2,7,47.06,55.8,62.91,35.1,7.91,40.36,6.88,6.81
5951823,5.23,13.01,20.2,37,32,11,8,3,12,47.96,74.4,76.89,35,7.88,40.24,6.86,6.87
5951824,5.13,12.77,20.92,35,31,10,8,3,11,45.65,74.3,77.22,35.02,7.87,40.15,6.86,6.88
5951826,5.13,12.77,20.92,35,31,10,8,3,11,45.65,74.3,77.22,35.02,7.87,40.15,6.86,6.88
5951827,5.19,12.93,20.59,36,33,12,8,3,12,45.32,73.4,77.11,34.93,7.86,40.12,6.84,6.82
5951828,2.84,7.52,11.29,36,22,7,10,1,7,22.53,28,63.18,35,7.41,37.84,6.85,6.79
5951829,3.39,8.59,12.75,38,27,7,9,1,7,22.95,33.2,69,36.09,7.73,39.48,7.06,7
5951833,4.51,11.38,14.31,45,39,11,8,2,14,26.22,62.2,76.11,35.1,7.76,39.61,6.88,6.8
5951840,7.47,17,19.39,55,47,13,12,3,14,55.47,71.8,51.69,36.47,8.6,43.93,7.14,7.11
5951844,5.19,12.93,20.59,36,33,12,8,3,12,45.32,73.4,77.11,34.93,7.86,40.12,6.84,6.82
5951848,4.14,10.57,12.58,47,33,7,7,2,19,21.43,67.2,85.38,35,7.66,39.14,6.85,6.81
5953007,4.74,11.27,11.29,60,47,12,9,2,21,20.43,43.7,66.2,37.34,8.23,42.08,7.31,7.19
5953012,3.75,10.17,9.91,54,36,5,8,1,20,16.79,22,74.22,33.08,7.38,36.83,6.64,6.56
5953019,4.1,10.24,10.46,56,39,7,8,1,21,16.27,28.3,73.89,35.95,7.84,40.05,7.04,7.04
5953023,7.78,17.95,16.34,68,58,18,9,3,21,34.94,65.1,65.9,35.57,8.48,43.35,6.96,7.05
5953033,5.71,14.02,13.59,60,43,15,11,2,22,23,62,54.83,35,7.97,40.71,6.85,6.79
5953038,8.61,19.33,17.08,72,58,18,10,3,21,47.89,64.8,60,35.92,8.71,44.53,7.03,7.07
5953042,8.52,19.22,18.73,65,60,21,9,3,20,49.49,64.4,66.5,35.83,8.68,44.35,7.01,7.03
5953044,7.37,17.26,15.71,67,55,16,10,3,21,33.94,63.5,59.55,35.31,8.35,42.68,6.91,6.99
5953046,8.19,19.17,16.71,70,54,18,10,5,20,31.66,85.9,59.55,34.53,8.36,42.72,6.76,6.84
5953048,6.05,14.65,13.09,66,47,14,11,3,21,28.42,63.6,54.75,35.25,8.08,41.3,6.9,7.02
5953050,6.01,14.57,12.82,67,52,12,13,2,22,21.39,61.6,46.5,35.27,8.08,41.28,6.9,6.92
5953801,7.1,16.72,14.48,70,55,16,12,3,21,37.68,65.6,50.23,35.36,8.31,42.46,6.92,7.03
5953802,5.57,13.79,12.06,66,54,14,12,2,22,19.78,60.1,50.08,34.84,7.91,40.41,6.82,6.75
5955003,5.52,14.06,11.11,71,45,12,9,1,22,19.03,48.3,65.6,33.76,7.69,39.28,6.61,6.59
5955005,7.69,18.7,13.73,80,65,14,12,1,22,29.58,53.8,49.15,33.43,8.05,41.12,6.54,6.47
5955010,7.58,18.24,15.7,69,51,18,9,3,24,32.46,73.6,65.7,34,8.14,41.59,6.65,6.65
5955014,6.83,16.41,13.93,70,62,15,11,1,22,27.38,53.3,53.5,34.76,8.14,41.58,6.8,6.68
5955021,7.22,17.36,13.93,74,58,16,11,1,22,28.62,52.7,53.42,34.36,8.14,41.57,6.72,6.64
5955023,7.02,16.91,15.43,65,50,18,10,1,22,31.15,55.9,59.73,34.5,8.12,41.52,6.75,6.74
5955025,7,16.86,15.39,65,53,16,12,2,12,33.97,54.9,50.46,34.55,8.13,41.55,6.76,6.73
5955030,6.91,16.49,14.11,70,54,14,12,1,22,31.05,56.6,49.31,35.02,8.2,41.93,6.85,6.8
5955034,7.78,18.19,15.43,72,62,20,14,2,22,32.32,61.2,42.07,34.97,8.36,42.74,6.84,6.8
5955040,7.48,17.65,14.65,73,58,18,13,2,22,29.41,64.3,45.14,34.91,8.3,42.39,6.83,6.8
5955042,7.36,17.29,14.8,71,58,18,13,1,22,30.23,54.6,45.21,35.2,8.33,42.56,6.89,6.84
5955801,6.95,16.76,15.04,66,49,18,12,2,12,34.63,56,50.69,34.53,8.12,41.48,6.76,6.73
5955802,6.89,16.6,16.13,61,48,17,12,2,12,35.42,58.2,50.92,34.59,8.12,41.48,6.77,6.76
5955803,7.71,17.92,16.19,68,56,19,12,2,22,32.88,66.6,48.69,35.31,8.42,43.02,6.91,6.91
5955804,8.07,18.87,15.42,75,61,20,13,2,22,33.03,64.1,45.43,34.7,8.39,42.77,6.8,6.72
5955807,2.48,6.6,9.08,39,27,3,8,1,22,11.64,52.6,75.78,35.07,7.7,37.55,7.22,6.73
5955808,8.05,18.77,15.76,73,58,18,12,3,22,29.33,66.6,49.85,34.86,8.4,42.91,6.82,6.74
5955812,4.36,10.73,13.53,46,41,12,6,1,19,19.56,50.3,98.43,36.25,7.95,40.6,7.09,7.05
5957022,1.18,3.13,7.67,22,11,2,6,0,9,13.73,0,99.71,36.54,7.38,37.72,7.15,7.23
5957802,1.09,2.89,7.4,21,9,2,5,0,9,12.69,0,117,36.49,7.35,37.57,7.14,7.24
5957803,1.15,3.07,7.48,22,10,2,6,0,9,12.63,0,99.57,36.43,7.35,37.58,7.13,7.21
5957813,3.85,9.55,13.76,40,35,7,9,2,12,22.79,53.7,68.9,36.47,7.89,40.32,7.14,6.99
5957814,3.85,9.55,13.76,40,36,7,9,2,12,22.6,53.6,68.9,36.48,7.89,40.33,7.14,6.99
5959007,6.93,16.31,13.95,71,54,15,11,1,24,26.76,59.5,53.5,35.56,8.31,42.49,6.96,6.85
5959805,8.97,20.34,18.3,70,54,21,12,2,22,35.58,71.6,49.31,35.14,8.63,44.11,6.88,6.76
5959806,7.07,16.64,14.65,69,54,15,10,1,24,27.58,60,59,35.44,8.32,42.51,6.93,6.8
5959810,6.9,16.71,13.68,72,52,15,11,1,22,27.09,57.7,53.5,34.37,8.08,41.27,6.73,6.6
